,SNORD29,SNORD31,MIR24-1,FTL,SNORD2,SNORD27,SNORD49A,SNORD68,MIR4461,MIR631,MIR374C,SNORD45B,IGFBP5,SNORD55,MIR3189,SNORD38A,QSOX1,SNORD34,MIR3191,SNORD102,MIR4720,SNORD26,SNORD73A,COL1A2,MIR1914,MIR103A2,SNORD28,SNORD36A,SNORD104,SNORD59B,SNORD32A,MIR4649,MIR3120,SNORD60,MIR4664,MIR93,MIR324,MIR4324,SNORD50B,MIR656,MIR503,SNORD45A,MIR29B2,SNORD62A,MIR4635,SNORD79,MIR614,MIR21,SNORD54,MIR3074,MIR410,MIR939,MIR4516,SNORD38B,MIR4492,SNORD103A,SNORD30,MIR450B,MIR4524A,SNORD56,SNORD58C,MIR421,SNORD36B,SNORD65
SNORD29,1,0.152169087,0.1687770852,0.2494662097,0.1592248085,0.2442138931,0.09344593834,0.1901579157,0.05728819236,0.09228751533,0.2192054338,0.1996602596,-0.08035078721,0.04405036761,-0.07665106843,0.1184265908,-0.1638726607,0.1937651983,0.01742051793,0.0284199257,0.03766998928,0.1264986961,0.1228863839,0.1603220472,0.04246836926,0.1789343205,-0.0533816206,0.1415844619,0.07759711097,0.2293624046,0.1040886398,0.09788143502,0.09891070342,-0.01810010813,-0.03480253264,-0.05585538995,0.1627671759,-0.04052412504,0.1833254527,0.03053523804,-0.04080791712,0.1335972281,0.1724395162,0.07966495988,0.2106852536,-0.02032195383,0.03843457217,0.07224196769,0.01569132832,-0.03829244332,0.01880289956,0.10712038,0.07029221684,-0.005872349952,0.2479908162,0.09905302178,0.1262245719,0.1793184101,-0.01859067877,-0.006248859203,0.162108228,0.08793603103,-0.01479208569,0.2621798558
SNORD31,0.152169087,1,0.0642684134,0.3099397868,0.05979669731,0.126782222,0.03332516106,0.2134862951,0.005890486929,-0.02461385766,0.03396357913,0.08749554661,-0.202781582,0.02430089422,0.004798207928,0.03403305556,-0.08067936338,0.1147403113,0.03673126692,0.2135267538,0.0593052884,0.03699434122,0.07856051588,0.0769988036,0.1770255921,0.06690916395,-0.03617440912,0.06687374387,0.17569319,0.04338107411,0.1326996473,0.1251924538,0.1075841926,-0.0225264387,0.124298548,0.1582134658,0.1996273316,0.1197561294,0.116125199,0.03006626021,-0.08266649664,0.201748511,0.02591661454,0.2286990787,0.1095709465,0.07190627857,0.1512342254,0.02813915414,-0.005850461654,0.06000202578,0.1270037189,0.01553071081,0.1454552069,0.07322931726,0.1549082682,0.1147370294,0.07305030792,0.1133744503,-0.04881092053,0.1961816796,0.1576717121,0.09220659229,0.1897333321,0.07094211999
MIR24-1,0.1687770852,0.0642684134,1,0.1659278962,0.07592700991,0.2302915272,0.2243014592,0.1349768471,-0.04710926528,0.01171123026,0.2096805606,0.167671697,-0.02125719548,0.1192375733,-0.1294846484,0.2304288301,-0.1533578277,0.1337523122,-0.08511852811,-0.02551033676,0.1011609281,0.0678068152,0.2019603843,0.1500611865,0.09990558661,0.1734411429,-0.1070983204,0.2631795009,0.2148100158,0.2186693522,0.01267642876,0.06982439851,0.06780675616,0.07194690301,-0.06513974985,-0.1357145657,0.02658202127,-0.06130745977,0.2352803771,-0.01973824634,-0.06026482767,0.1111688164,0.1245301266,0.07709157949,0.04653553727,0.01391444869,-0.03847653443,0.1441907575,-0.0162257757,-0.005733542564,-0.02668976664,0.05660126573,0.0918917484,-0.04784237018,0.08333517783,0.1151262726,0.2039760837,0.02038715455,-0.04136183719,-0.03224164674,0.2059891406,0.1546046364,-0.04234538148,0.05947724249
FTL,0.2494662097,0.3099397868,0.1659278962,1,0.1504366095,0.3095632287,0.1209047884,0.3463233399,0.08228746319,-0.03804795178,0.1523238277,0.2834211668,-0.5997864043,0.07526349892,-0.1742926659,0.1924505016,-0.3173230243,0.1285103617,0.01508278932,0.2719346119,0.0770545019,0.2738117272,0.2288448065,0.3121687038,0.2058475484,0.1683670728,-0.004540622785,0.254991748,0.3714282933,0.2779963626,0.3124599082,0.2217617833,0.1059811071,0.1511072801,0.1279096971,-0.09016442843,0.1020017668,0.1219610452,0.2384522177,-0.1198946864,-0.2064364873,0.2968984714,0.003027449943,0.3143034033,0.06409094603,0.1463467161,0.2172152228,0.0244110593,0.02510819402,-0.01745965997,-0.02160958035,0.1607849149,0.1570567025,0.2145320172,0.1413782814,0.2032053949,0.2197272972,0.1220603501,-0.155252829,0.2256996954,0.4063368204,0.00842494366,0.2268949687,0.2206691034
SNORD2,0.1592248085,0.05979669731,0.07592700991,0.1504366095,1,0.2226315387,0.196191386,0.05329525032,-0.05238345539,0.1240915709,0.1048107839,0.1708684116,-0.1471805392,0.2507138926,-0.001993858133,0.1950255932,0.006242965886,0.1237228881,0.1274444575,-0.03669877041,0.06043658471,0.1413306485,0.1974989118,-0.008867828103,-0.147733324,0.06100792237,-0.03678759263,-0.01697880107,0.03601116996,0.2096216279,0.07120127057,0.131829056,0.1524807273,-0.02191185495,-0.07499168375,0.05252404443,0.1506471091,-0.07929962797,0.03026671816,0.02056267829,0.09545459924,-0.03571648831,0.09960460029,0.05505840629,0.2757158388,-0.08236938885,0.08422629269,0.2103639647,0.1539804896,-0.1609973067,0.09504909138,0.1019260948,-0.08264854696,-0.04412265382,0.2377690099,0.05439296758,0.1933613613,0.09960349878,0.06991417073,-0.04014929973,0.006523229146,0.1105919068,-0.03069416588,0.185640004
SNORD27,0.2442138931,0.126782222,0.2302915272,0.3095632287,0.2226315387,1,0.2054139345,0.1844787579,-0.005817564384,0.04660711111,0.1861780593,0.2472263724,-0.1265204417,0.1799214025,-0.1598579154,0.2068647301,-0.1744374527,0.1291554145,0.02707099225,-0.03430031586,0.05639039612,0.1230274508,0.1877616757,0.1700396876,0.01348588284,0.1486306702,-0.1096423347,0.1651961389,0.1913783949,0.2073012989,0.06216090738,0.1120150335,0.01728717197,-0.001470494468,-0.06730716549,-0.08926620673,0.0780868895,-0.07576232036,0.2325297659,-0.05936311906,-0.07786923057,0.01848502978,0.1800232975,0.05270269076,0.1994846352,-0.07786861958,0.08248366516,0.1087537469,-0.008453512742,-0.1319934373,-0.0521455529,0.09705574244,-0.01183089597,-0.04038666604,0.2456803955,0.02173466387,0.1881801196,0.09056694145,-0.05190833482,-0.03532319556,0.1459088526,0.1831552387,-0.04214508458,0.1706035025
SNORD49A,0.09344593834,0.03332516106,0.2243014592,0.1209047884,0.196191386,0.2054139345,1,0.07443556247,-0.1359639373,0.004893658184,0.1191985897,0.1739358313,0.05096612385,0.3044573442,-0.01192555961,0.2291859161,-0.2007264781,0.1760291456,-0.02813259461,-0.1091499007,0.0178055777,-0.01937702974,0.1496077495,0.1974846088,-0.04891827458,0.07160946928,-0.02830785165,0.1964507288,0.1226827884,0.1258576419,-0.1152714581,-0.004613425816,0.01026870886,0.1212309375,-0.1414005468,-0.006629836031,0.06568507164,-0.1400311639,0.1854515734,0.03936270717,0.05652976081,0.00314520975,0.1921117058,-0.04238636499,0.1334957465,-0.02663780807,-0.1150242874,0.1583150453,0.1263127534,-0.02241060102,0.01930395979,-0.04947783588,-0.02864978496,-0.08652775792,0.1019179248,0.03095311621,0.1589518554,-0.04777472573,0.1409402718,-0.08455179446,-0.003492399493,0.2015408409,-0.06134117569,0.02068435479
SNORD68,0.1901579157,0.2134862951,0.1349768471,0.3463233399,0.05329525032,0.1844787579,0.07443556247,1,0.02541140112,0.0140726864,0.2096610793,0.2503535104,-0.1326143695,0.005412177429,-0.02770750843,0.06593834066,-0.2075174836,0.07121160339,0.03726919057,0.07319526731,0.06168977886,0.07263779597,0.0396243748,0.2025603497,0.1616368816,0.2496916775,-0.06055459064,0.1783544845,0.1401979419,0.1357322052,0.08982247371,0.200376582,0.09384658243,0.07431385507,0.0007676462194,0.002399442497,0.248723638,-0.005514213871,0.1548646956,0.005512159701,-0.09735838541,0.2260156241,0.1493140807,0.07396680258,0.1325895078,0.05571104244,0.104855536,-0.022821846,-0.02689698394,0.01284278152,-0.007085278281,0.06311293594,0.09995237097,0.06178662804,0.180942485,0.09826113664,0.03820299775,0.1834728015,-0.08093260423,0.06480269342,0.1787441075,0.08531457239,0.191775397,0.1480333909
MIR4461,0.05728819236,0.005890486929,-0.04710926528,0.08228746319,-0.05238345539,-0.005817564384,-0.1359639373,0.02541140112,1,0.07567138316,-0.02484856357,-0.03454941242,-0.1675756642,-0.1258339865,0.03029067815,-0.06226373213,0.1100262056,0.02133929751,0.1144017154,0.1379725238,0.1045131586,0.1961981571,-0.01785825313,-0.112478547,0.1082183361,0.02785623137,0.1995347295,0.001431909583,0.08328579161,-0.01484390088,0.1353148218,0.09560384592,-0.05749257802,0.1001775092,0.2215637591,-0.03150739451,0.004784375876,0.2173119259,0.01059617637,0.05434914136,0.01462636867,0.1412284699,-0.04318312478,0.07736367339,-0.01611243928,0.1377780986,0.1583596456,-0.04304991271,-0.000106881376,0.09892482099,0.001796308561,0.2214686748,0.1605280416,0.2914094027,0.008419237664,0.1347697288,-0.01796572878,0.1189766016,-0.02625381222,0.08585840051,0.1122825117,-0.006246198042,0.07116249334,0.0554265478
MIR631,0.09228751533,-0.02461385766,0.01171123026,-0.03804795178,0.1240915709,0.04660711111,0.004893658184,0.0140726864,0.07567138316,1,0.05715202258,0.02089271118,-0.1500981429,0.05609045136,0.1351233358,0.09700608974,0.2100458321,0.005754708471,0.2353933454,-0.03532285739,0.1205484553,0.2139846464,0.181230307,-0.2127891181,-0.1272750734,0.1040467641,0.1759892838,-0.116903784,-0.05524616301,0.1314449658,0.1541766397,0.0954973976,0.1042476785,0.02783132491,0.02623093553,0.1094173065,0.06025015202,0.02763613382,-0.07869859703,0.2604134313,0.0811744341,0.002418848238,0.07780502758,0.05280913968,0.1158310392,-0.09493406994,0.09686403537,0.193807795,0.1160363086,-0.09745742456,0.1201733517,0.1948807213,-0.05169896991,0.08081846442,0.07371863223,0.1023500345,0.1863195779,0.2366537842,0.13897956,0.07495591392,0.02326701959,0.1654882274,0.06814055269,0.1913059457
MIR374C,0.2192054338,0.03396357913,0.2096805606,0.1523238277,0.1048107839,0.1861780593,0.1191985897,0.2096610793,-0.02484856357,0.05715202258,1,0.3045259545,-0.0707333342,0.0839602066,-0.1114382888,0.1804174841,-0.08917889083,0.04757644339,-0.03354849587,-0.01686115808,0.07261965893,0.09373224046,0.1076481614,0.08453413122,0.06999203704,0.3059633997,-0.08937540726,0.1802454208,0.1100884506,0.2553132006,0.06328378479,0.1214588794,0.1327210608,0.09356102288,-0.04757146787,-0.08739687991,0.1055004691,-0.04681611746,0.1441827143,0.01065591772,-0.04212195516,0.09479416311,0.2001978475,0.04046518184,0.1738398526,-0.008296378231,0.01898104293,0.06209801493,-0.005323005092,-0.03361564354,0.01357571799,0.09348887107,0.05050767823,-0.03665336061,0.2104503769,0.0308838716,0.10413728,0.1591197524,-0.03479747941,-0.02304383591,0.1664772476,0.05069280389,-0.02999624252,0.2272581383
SNORD45B,0.1996602596,0.08749554661,0.167671697,0.2834211668,0.1708684116,0.2472263724,0.1739358313,0.2503535104,-0.03454941242,0.02089271118,0.3045259545,1,-0.09669284826,0.1494022023,-0.1315196571,0.1584845748,-0.1924868197,0.04255816723,0.008677674327,-0.03115326615,0.02546040299,0.07850898215,0.09890995042,0.1872883509,0.03276258145,0.2633443865,-0.08409923108,0.1699888439,0.1539225873,0.2295047195,0.03169229247,0.1494952712,0.07234462587,0.09334043733,-0.05821711384,-0.04320152425,0.1333261568,-0.06368248267,0.1449516342,-0.01544624484,-0.05504828114,0.07043208831,0.2446043497,0.01310771594,0.2320365672,-0.04037507215,0.05917073422,0.03501318072,0.0007591170645,-0.08696527849,-0.01731748336,0.06422333498,0.01756287573,-0.03027572844,0.2744221452,-0.006950440666,0.0955973438,0.1328314924,-0.0317835103,-0.02810736373,0.1073633672,0.08704320568,-0.02227638924,0.2151992283
IGFBP5,-0.08035078721,-0.202781582,-0.02125719548,-0.5997864043,-0.1471805392,-0.1265204417,0.05096612385,-0.1326143695,-0.1675756642,-0.1500981429,-0.0707333342,-0.09669284826,1,-0.02682509465,-0.01308447272,-0.06277829653,-0.5630954983,0.0535939322,-0.2542020914,-0.2088072918,-0.1470834411,-0.2816303431,-0.1998431975,0.5675520031,-0.09997903222,-0.1026731859,-0.03983731232,0.08253197819,-0.1643742646,-0.1371813372,-0.3391978168,-0.2863660258,-0.1830173291,-0.000385383654,-0.2419148121,-0.1458037359,-0.1425990642,-0.2361392078,0.0524685185,-0.04745285776,0.05781207637,-0.1285623679,0.03015472179,-0.2806970734,-0.1478340805,0.009373372376,-0.3856788002,-0.1551859395,-0.02279808744,0.04268217209,-0.1488955711,-0.2862994272,-0.08781969559,-0.1879335544,-0.1825314546,-0.1059794943,-0.1891734041,-0.2358710529,0.009028173632,-0.1968473623,-0.220038122,-0.03861160375,-0.1898856481,-0.1976825467
SNORD55,0.04405036761,0.02430089422,0.1192375733,0.07526349892,0.2507138926,0.1799214025,0.3044573442,0.005412177429,-0.1258339865,0.05609045136,0.0839602066,0.1494022023,-0.02682509465,1,0.03930650912,0.2576868658,-0.06520866574,0.1089359536,0.0467751323,-0.06087371931,0.08062671943,0.02554865947,0.1643407391,0.06029664714,-0.1028825699,0.0506659407,0.02467735425,0.05871502275,0.07348590284,0.08357758627,-0.05496522014,-0.00851972457,0.0206790797,0.1072124613,-0.08921543747,0.08549489283,0.03204025144,-0.08654742799,0.1197500905,0.0748380804,0.1069655191,-0.07515635896,0.1408073318,0.01045177192,0.1697738394,-0.0447366349,-0.04153892732,0.1786873852,0.1522582167,-0.05288412259,0.0915353363,-0.008193808792,-0.1046006792,-0.05296085348,0.1274381183,-0.009889782428,0.1685209605,-0.01143768299,0.1624194159,-0.04236077904,-0.04277363959,0.2024476165,-0.04152028368,0.05137129856
MIR3189,-0.07665106843,0.004798207928,-0.1294846484,-0.1742926659,-0.001993858133,-0.1598579154,-0.01192555961,-0.02770750843,0.03029067815,0.1351233358,-0.1114382888,-0.1315196571,-0.01308447272,0.03930650912,1,-0.03517965844,0.1893016757,0.03892213897,0.133194634,0.06201687849,0.07389884717,-0.02239039098,-0.04308141942,-0.1909301119,-0.02168224836,-0.04888067839,0.2157750025,-0.09023205658,-0.172373542,-0.1087338421,0.002802276248,-0.01942521633,0.06147327847,0.06357987355,0.02775942343,0.2322012972,0.09958697099,0.03444540987,-0.07316733998,0.2130780614,0.2276369312,0.04561240033,-0.03210433966,-0.0009635862055,-0.03385900981,0.1143798844,-0.03101259996,0.0273871386,0.1488750657,0.1503057732,0.1393780705,-0.02998415758,-0.02016699095,0.08808987782,-0.09899139064,0.08447075147,-0.03632222981,0.04768276999,0.1872815127,0.08021077804,-0.1106736252,0.04860722587,0.2017383499,-0.0386636314
SNORD38A,0.1184265908,0.03403305556,0.2304288301,0.1924505016,0.1950255932,0.2068647301,0.2291859161,0.06593834066,-0.06226373213,0.09700608974,0.1804174841,0.1584845748,-0.06277829653,0.2576868658,-0.03517965844,1,-0.1441635534,0.1603920825,0.03885160589,0.0124644488,0.2339996238,0.1095043459,0.2249424838,0.1392218891,0.01433189453,0.1557818663,0.01294583877,0.1274916806,0.1359832376,0.1737384304,0.05196238149,0.04490851141,0.09308595053,0.1357555718,-0.05014458684,-0.02706658974,0.02155683038,-0.04292867303,0.1850909825,0.07035667618,0.05082219596,0.0296485026,0.1175411501,0.1189967675,0.1517893265,0.04017270654,-0.007303057628,0.2458444212,0.1689401168,-0.01276862897,0.07578954858,0.08152971954,-0.0290645647,-0.01064694428,0.1038848408,0.1443083955,0.2220023415,0.04467973475,0.08414649035,-0.01686200346,0.1401058622,0.2043043212,-0.01022034274,0.09483092791
QSOX1,-0.1638726607,-0.08067936338,-0.1533578277,-0.3173230243,0.006242965886,-0.1744374527,-0.2007264781,-0.2075174836,0.1100262056,0.2100458321,-0.08917889083,-0.1924868197,-0.5630954983,-0.06520866574,0.1893016757,-0.1441635534,1,-0.2059730826,0.2784330456,-0.03453941663,0.08174133038,0.0430726198,-0.005467659847,-0.9986735323,-0.09907424005,-0.06911107693,0.04357228512,-0.3677102,-0.1975902255,-0.1285670345,0.07687662952,0.1059361173,0.09655988509,-0.1752172746,0.1453870156,0.2572405337,0.0507537638,0.1444766998,-0.3129870768,0.1682255521,0.1331131378,-0.1583546281,-0.05171334935,0.005209493869,0.09123279124,-0.1722455929,0.2274330016,0.1410043429,-0.02222540406,-0.04106417519,0.1782221386,0.1628115877,-0.06275226755,-0.007745624882,0.06152768621,-0.09001802281,-0.008265318917,0.1418631997,0.1318975274,-0.005171520993,-0.1629803365,0.02668612986,-0.01184406159,-0.002864412854
SNORD34,0.1937651983,0.1147403113,0.1337523122,0.1285103617,0.1237228881,0.1291554145,0.1760291456,0.07121160339,0.02133929751,0.005754708471,0.04757644339,0.04255816723,0.0535939322,0.1089359536,0.03892213897,0.1603920825,-0.2059730826,1,-0.03310871095,0.05795180043,0.07523890769,-0.03759304872,0.007134707194,0.2061264589,0.0895973531,0.02683950665,0.06252734839,0.19306008,0.06696694333,0.06185965031,-0.07187219929,-0.04421938957,0.05460586734,0.1091377366,-0.02105374859,-0.02061280379,0.12343653,-0.02168148853,0.2304021705,0.05409090051,0.0953913848,0.09843174561,0.1315424377,0.01926949219,0.1495707688,0.1608051632,-0.1157153725,0.1033946628,0.2254771871,0.1475035962,0.05246591831,-0.05175870217,0.1200366334,0.01016287963,0.07621129092,0.1758592779,0.01087059554,-0.02155224931,0.1398286822,0.008578571738,0.04277317119,0.1412528784,-0.004547688152,0.005396303074
MIR3191,0.01742051793,0.03673126692,-0.08511852811,0.01508278932,0.1274444575,0.02707099225,-0.02813259461,0.03726919057,0.1144017154,0.2353933454,-0.03354849587,0.008677674327,-0.2542020914,0.0467751323,0.133194634,0.03885160589,0.2784330456,-0.03310871095,1,0.03582344128,0.1443021094,0.1894736933,0.1353825571,-0.2809817442,-0.1035415089,-0.009102558596,0.1769727797,-0.1819998111,-0.05851910577,0.04383159074,0.1826224881,0.1856740899,0.03742119283,0.01607712099,0.04199875558,0.1578238883,0.09209362552,0.03916557182,-0.1361294299,0.1801488407,0.03410625829,0.0451507518,0.04140324535,0.09452635565,0.1345409855,-0.08891635659,0.2055387064,0.1558727533,0.1136812718,-0.08765576231,0.03523677353,0.1793477061,-0.09764172804,0.1170612168,0.09449805703,0.1303226194,0.1397451588,0.1541716213,0.1359421988,0.008876930895,0.001811753577,0.1053391863,0.1443239231,0.1329481245
SNORD102,0.0284199257,0.2135267538,-0.02551033676,0.2719346119,-0.03669877041,-0.03430031586,-0.1091499007,0.07319526731,0.1379725238,-0.03532285739,-0.01686115808,-0.03115326615,-0.2088072918,-0.06087371931,0.06201687849,0.0124644488,-0.03453941663,0.05795180043,0.03582344128,1,0.146929582,0.09243959671,-0.003043015034,0.03067633784,0.2531366494,0.03576728909,0.09599879099,0.02549461596,0.1377706276,0.01583262396,0.1933594427,0.1302540989,0.1322570474,0.1164012861,0.2613355879,0.08505406922,0.0563205146,0.2649953718,0.05810680228,-0.001971235618,-0.04869984509,0.208580478,-0.1409473165,0.2927418376,-0.02040489981,0.2079762227,0.1660889544,-0.03982862444,0.006946952568,0.2001451527,0.09829413316,0.08818119173,0.2258331887,0.2209619505,0.02074389938,0.158272997,-0.01289414345,0.05685952221,-0.03085864757,0.2405901812,0.2049596244,-0.05097843828,0.2208078885,-0.01584017794
MIR4720,0.03766998928,0.0593052884,0.1011609281,0.0770545019,0.06043658471,0.05639039612,0.0178055777,0.06168977886,0.1045131586,0.1205484553,0.07261965893,0.02546040299,-0.1470834411,0.08062671943,0.07389884717,0.2339996238,0.08174133038,0.07523890769,0.1443021094,0.146929582,1,0.1525081812,0.1504260048,-0.08708181344,0.08924890225,0.1108830992,0.1351118394,0.009556034074,0.08059371206,0.06372414835,0.1298870158,0.1279147024,0.06588982138,0.1308195634,0.07068877196,0.04214487417,0.03866794137,0.0800644942,0.07942632937,0.1279560369,0.06270432055,0.1468975196,-0.009791742775,0.1998387207,0.0580995358,0.1307408553,0.09532292255,0.1646230238,0.1061018298,0.07310321316,0.06572199867,0.1504161683,0.03370669548,0.1503368866,0.03141482241,0.2579205363,0.1450245764,0.08605860286,0.0213889482,0.03271386216,0.1564592565,0.1533399566,0.138726706,0.02940183551
SNORD26,0.1264986961,0.03699434122,0.0678068152,0.2738117272,0.1413306485,0.1230274508,-0.01937702974,0.07263779597,0.1961981571,0.2139846464,0.09373224046,0.07850898215,-0.2816303431,0.02554865947,-0.02239039098,0.1095043459,0.0430726198,-0.03759304872,0.1894736933,0.09243959671,0.1525081812,1,0.242164066,-0.04851543965,-0.01620558882,0.1382456146,0.08798364094,-0.05283862391,0.1287220239,0.2020105928,0.2882145729,0.2276100644,0.1214175839,0.05522638629,0.1510393631,-0.01662582421,0.06499482431,0.1498679951,-0.04360418703,0.08000240954,-0.05423463715,0.131002675,-0.05221213185,0.1983286184,0.08178262195,-0.03797082658,0.2493164878,0.1618281784,0.008926043684,-0.1096034516,0.09237364802,0.3443223796,0.05910137476,0.2198342903,0.1096687256,0.1489675249,0.2393283372,0.2505545634,-0.03486665154,0.1005634151,0.2202002892,0.05101790532,0.09106367814,0.2231065237
SNORD73A,0.1228863839,0.07856051588,0.2019603843,0.2288448065,0.1974989118,0.1877616757,0.1496077495,0.0396243748,-0.01785825313,0.181230307,0.1076481614,0.09890995042,-0.1998431975,0.1643407391,-0.04308141942,0.2249424838,-0.005467659847,0.007134707194,0.1353825571,-0.003043015034,0.1504260048,0.242164066,1,0.0007958200467,-0.07556284431,0.08412942716,-0.01889172925,-3.913881849e-05,0.1435767127,0.2358539785,0.2023887952,0.1510496096,0.1272272603,-0.03126086479,-0.005395873073,0.03773366895,0.03252189175,-0.00142884002,0.01507686129,0.09132945236,-0.01462891501,0.06533653098,0.02408614781,0.1959132663,0.09289397207,-0.107918359,0.1434693287,0.2857384037,0.03296779282,-0.158207855,0.1002665656,0.1993286736,-0.04031676535,0.0151487388,0.1070392037,0.1414655095,0.3616165937,0.1307088913,0.001745005101,0.02716525912,0.1773937927,0.1492612813,0.0178584643,0.1811257115
COL1A2,0.1603220472,0.0769988036,0.1500611865,0.3121687038,-0.008867828103,0.1700396876,0.1974846088,0.2025603497,-0.112478547,-0.2127891181,0.08453413122,0.1872883509,0.5675520031,0.06029664714,-0.1909301119,0.1392218891,-0.9986735323,0.2061264589,-0.2809817442,0.03067633784,-0.08708181344,-0.04851543965,0.0007958200467,1,0.09663971657,0.06317537381,-0.04640900249,0.36537445,0.1932388025,0.1252095065,-0.08101751859,-0.1102279086,-0.09753827671,0.1704416274,-0.1477876027,-0.2593616333,-0.0529407944,-0.1469871852,0.3090670928,-0.1713933144,-0.1327312618,0.1536441481,0.0499230828,-0.01026740634,-0.0932424641,0.1709454584,-0.2309021283,-0.1421835385,0.02325184911,0.04023311039,-0.1803408032,-0.1675819504,0.06134325634,0.002670096117,-0.06550405177,0.0874456445,0.003501056265,-0.1468318685,-0.1319142853,0.002531022841,0.1580081359,-0.03092336713,0.007263700361,-0.001293353554
MIR1914,0.04246836926,0.1770255921,0.09990558661,0.2058475484,-0.147733324,0.01348588284,-0.04891827458,0.1616368816,0.1082183361,-0.1272750734,0.06999203704,0.03276258145,-0.09997903222,-0.1028825699,-0.02168224836,0.01433189453,-0.09907424005,0.0895973531,-0.1035415089,0.2531366494,0.08924890225,-0.01620558882,-0.07556284431,0.09663971657,1,0.1121419317,0.006065534715,0.2087614237,0.1910318476,-0.01228453012,0.07139255478,0.05230822045,0.05312341626,0.139173997,0.1907084812,-0.03416702416,0.04306968433,0.1924760953,0.1911624301,-0.06540748604,-0.08322544836,0.2097853221,-0.03293605437,0.1605753688,-0.0753726321,0.2473000886,0.05907405491,-0.1026709872,-0.03874062492,0.2513270703,0.01244168397,0.004929408612,0.2591801868,0.1444859353,-0.0244094977,0.1040256705,-0.08254392319,0.006309582894,-0.07777654626,0.1793436102,0.2233909519,-0.02565537729,0.1617551404,-0.06505109178
MIR103A2,0.1789343205,0.06690916395,0.1734411429,0.1683670728,0.06100792237,0.1486306702,0.07160946928,0.2496916775,0.02785623137,0.1040467641,0.3059633997,0.2633443865,-0.1026731859,0.0506659407,-0.04888067839,0.1557818663,-0.06911107693,0.02683950665,-0.009102558596,0.03576728909,0.1108830992,0.1382456146,0.08412942716,0.06317537381,0.1121419317,1,-0.02314234487,0.1553736442,0.1314251155,0.2061388023,0.09094407743,0.1496043981,0.1423526551,0.1472917125,0.03252232211,-0.05092122131,0.1449459019,0.03352214444,0.1299923182,0.06773646706,-0.05553088557,0.1466438248,0.1457830529,0.06896349836,0.134396093,0.03394793129,0.05589203948,0.03561267921,-0.0120707077,-0.001108726057,0.06710020748,0.141421072,0.1065780502,0.07055280855,0.1708530775,0.0598974802,0.08037737777,0.2345122051,-0.04507312823,0.07554841219,0.1882807612,0.09064699359,0.07428644222,0.195230771
SNORD28,-0.0533816206,-0.03617440912,-0.1070983204,-0.004540622785,-0.03678759263,-0.1096423347,-0.02830785165,-0.06055459064,0.1995347295,0.1759892838,-0.08937540726,-0.08409923108,-0.03983731232,0.02467735425,0.2157750025,0.01294583877,0.04357228512,0.06252734839,0.1769727797,0.09599879099,0.1351118394,0.08798364094,-0.01889172925,-0.04640900249,0.006065534715,-0.02314234487,1,-0.05897918759,-0.0244515128,-0.08470762743,0.02774909228,-0.01686555122,-0.06564465252,0.2075638423,0.148804649,0.1379536715,-0.03158439963,0.1530135042,-0.03133736543,0.2578897255,0.1442689779,0.06155147636,0.0298006818,0.02801181718,-0.005760130387,0.1301246294,0.01500123197,0.03349014771,0.1700755864,0.1520178664,0.08073612182,0.08580504768,0.06372670705,0.2383661906,-0.06651713179,0.1410243089,-0.01100018265,0.06045176365,0.2107979902,0.1082716721,-0.05184644729,0.1193091021,0.1039626501,-0.02144014028
SNORD36A,0.1415844619,0.06687374387,0.2631795009,0.254991748,-0.01697880107,0.1651961389,0.1964507288,0.1783544845,0.001431909583,-0.116903784,0.1802454208,0.1699888439,0.08253197819,0.05871502275,-0.09023205658,0.1274916806,-0.3677102,0.19306008,-0.1819998111,0.02549461596,0.009556034074,-0.05283862391,-3.913881849e-05,0.36537445,0.2087614237,0.1553736442,-0.05897918759,1,0.2016806292,0.1129952746,-0.08594810252,-0.009137700765,0.004826338738,0.1593857237,-0.025663171,-0.1543603246,0.03898331848,-0.02508108237,0.3035896863,-0.07826918049,-0.02476249518,0.1366566865,0.1449749336,-0.01418421106,0.0006327743165,0.1649427133,-0.1155219419,-0.03248175465,0.009160384974,0.1509901438,-0.06933347289,-0.05548762509,0.1761802085,-0.0008458777101,0.03261787164,0.06799278928,0.002507401793,-0.05248617002,-0.02615009233,0.001769059622,0.1544918854,0.07046866223,-0.01006504363,-0.01860563039
SNORD104,0.07759711097,0.17569319,0.2148100158,0.3714282933,0.03601116996,0.1913783949,0.1226827884,0.1401979419,0.08328579161,-0.05524616301,0.1100884506,0.1539225873,-0.1643742646,0.07348590284,-0.172373542,0.1359832376,-0.1975902255,0.06696694333,-0.05851910577,0.1377706276,0.08059371206,0.1287220239,0.1435767127,0.1932388025,0.1910318476,0.1314251155,-0.0244515128,0.2016806292,1,0.1253719761,0.08641560272,0.1137676861,0.02426711648,0.1332004637,0.1700120037,-0.06309038874,0.00981772867,0.1678512187,0.181314582,-0.05055070098,-0.1341351612,0.1508187146,0.03130734173,0.1799749433,0.03315199985,0.08746523941,0.1237250604,0.05533695054,-0.04108970719,0.03168350671,0.04017331332,0.1202810579,0.2160807069,0.1440391225,0.09625044285,0.09467647634,0.1363834444,0.04428901466,-0.09466639092,0.1539255715,0.2351401479,0.1129427166,0.02224499919,0.01354352423
SNORD59B,0.2293624046,0.04338107411,0.2186693522,0.2779963626,0.2096216279,0.2073012989,0.1258576419,0.1357322052,-0.01484390088,0.1314449658,0.2553132006,0.2295047195,-0.1371813372,0.08357758627,-0.1087338421,0.1737384304,-0.1285670345,0.06185965031,0.04383159074,0.01583262396,0.06372414835,0.2020105928,0.2358539785,0.1252095065,-0.01228453012,0.2061388023,-0.08470762743,0.1129952746,0.1253719761,1,0.1586681525,0.2107251102,0.2191763626,0.02889682833,-0.03649747859,-0.09409898438,0.09879922716,-0.03586754768,0.06380686384,-0.003012396808,-0.0532944914,0.1036285194,0.09593105864,0.1290833879,0.1687977854,-0.07075496274,0.0859585299,0.1604277187,0.007160469921,-0.1229779826,0.01262098822,0.1700347497,0.06173667508,-0.0195197547,0.2075868622,0.1127934105,0.2320319629,0.1525717892,-0.03755533198,-0.00105411857,0.2011868242,0.03379109672,-0.02151783892,0.2364061709
SNORD32A,0.1040886398,0.1326996473,0.01267642876,0.3124599082,0.07120127057,0.06216090738,-0.1152714581,0.08982247371,0.1353148218,0.1541766397,0.06328378479,0.03169229247,-0.3391978168,-0.05496522014,0.002802276248,0.05196238149,0.07687662952,-0.07187219929,0.1826224881,0.1933594427,0.1298870158,0.2882145729,0.2023887952,-0.08101751859,0.07139255478,0.09094407743,0.02774909228,-0.08594810252,0.08641560272,0.1586681525,1,0.2181694697,0.1824932894,-0.02951665974,0.1815862491,0.06062450826,0.07106741218,0.1812311601,-0.06825640442,0.03385568028,-0.08551555477,0.1414357687,-0.1062977642,0.2796434202,0.03760454514,-0.009729679943,0.2986021618,0.1229171171,-0.01416958373,-0.04971560415,0.1085364093,0.2676131244,0.05310161803,0.1608510924,0.07753242379,0.1241273019,0.1942162476,0.2203618521,-0.05769136462,0.1712147112,0.2567089763,-0.04492549617,0.1775322625,0.2164988374
MIR4649,0.09788143502,0.1251924538,0.06982439851,0.2217617833,0.131829056,0.1120150335,-0.004613425816,0.200376582,0.09560384592,0.0954973976,0.1214588794,0.1494952712,-0.2863660258,-0.00851972457,-0.01942521633,0.04490851141,0.1059361173,-0.04421938957,0.1856740899,0.1302540989,0.1279147024,0.2276100644,0.1510496096,-0.1102279086,0.05230822045,0.1496043981,-0.01686555122,-0.009137700765,0.1137676861,0.2107251102,0.2181694697,1,0.1709367078,0.04522363606,0.07011012489,0.006002617482,0.1854318159,0.06727248885,-0.04639208353,-0.001431320251,-0.1080106754,0.2079174251,-0.01524533527,0.1890408393,0.1225368556,-0.0344039323,0.242467456,0.07578177323,-0.04689524482,-0.08461141976,-0.007637944447,0.2211459235,0.08169647411,0.134617717,0.1759697866,0.1639985503,0.1463467506,0.1828582822,-0.07766543433,0.03920138699,0.1916073952,0.007885809519,0.178373961,0.1421963433
MIR3120,0.09891070342,0.1075841926,0.06780675616,0.1059811071,0.1524807273,0.01728717197,0.01026870886,0.09384658243,-0.05749257802,0.1042476785,0.1327210608,0.07234462587,-0.1830173291,0.0206790797,0.06147327847,0.09308595053,0.09655988509,0.05460586734,0.03742119283,0.1322570474,0.06588982138,0.1214175839,0.1272272603,-0.09753827671,0.05312341626,0.1423526551,-0.06564465252,0.004826338738,0.02426711648,0.2191763626,0.1824932894,0.1709367078,1,-0.002001696885,0.06370477566,0.06768246212,0.1868007874,0.06813637913,-0.04379726472,0.02593179521,0.03772286335,0.1149757625,-0.05505765075,0.1827649729,0.1117369375,0.04790079526,0.1051834853,0.1466265096,0.09458107099,0.003881810065,0.1875801165,0.1014799739,0.1000370448,0.006592734252,0.09333333762,0.1162381311,0.1148566946,0.1588520603,0.003739806261,0.1440329655,0.1528587405,-0.0575499738,0.1273746194,0.1456779456
SNORD60,-0.01810010813,-0.0225264387,0.07194690301,0.1511072801,-0.02191185495,-0.001470494468,0.1212309375,0.07431385507,0.1001775092,0.02783132491,0.09356102288,0.09334043733,-0.000385383654,0.1072124613,0.06357987355,0.1357555718,-0.1752172746,0.1091377366,0.01607712099,0.1164012861,0.1308195634,0.05522638629,-0.03126086479,0.1704416274,0.139173997,0.1472917125,0.2075638423,0.1593857237,0.1332004637,0.02889682833,-0.02951665974,0.04522363606,-0.002001696885,1,0.114428064,-0.03290765685,0.003135440639,0.1202517082,0.126430826,0.1069399937,0.004368276921,0.1319727311,0.07704616817,0.03822353464,0.02013492707,0.1660208538,-0.04331049639,-0.001293208953,0.1287957757,0.1892315627,0.01804072289,0.06135352846,0.1597496653,0.2032500457,-0.01025408203,0.1148135682,-0.02545100879,0.02304943478,0.1585079041,0.07819660569,0.07975586431,0.1024288178,0.08630226116,-0.05105413156
MIR4664,-0.03480253264,0.124298548,-0.06513974985,0.1279096971,-0.07499168375,-0.06730716549,-0.1414005468,0.0007676462194,0.2215637591,0.02623093553,-0.04757146787,-0.05821711384,-0.2419148121,-0.08921543747,0.02775942343,-0.05014458684,0.1453870156,-0.02105374859,0.04199875558,0.2613355879,0.07068877196,0.1510393631,-0.005395873073,-0.1477876027,0.1907084812,0.03252232211,0.148804649,-0.025663171,0.1700120037,-0.03649747859,0.1815862491,0.07011012489,0.06370477566,0.114428064,1,0.08324311457,-0.003754354332,0.3447516836,-0.02249229771,0.04796347774,-0.03685196592,0.1240612698,-0.1296254751,0.2063258937,-0.0438744568,0.159471752,0.1997751283,-0.02430062617,0.007603667968,0.1457071133,0.1619935953,0.1675158983,0.2358253447,0.2793508803,-0.01856287433,0.07106446919,-0.01506674679,0.11453026,-0.01432733903,0.2858898411,0.1521193213,-0.03506599322,0.126133346,0.00341024348
MIR93,-0.05585538995,0.1582134658,-0.1357145657,-0.09016442843,0.05252404443,-0.08926620673,-0.006629836031,0.002399442497,-0.03150739451,0.1094173065,-0.08739687991,-0.04320152425,-0.1458037359,0.08549489283,0.2322012972,-0.02706658974,0.2572405337,-0.02061280379,0.1578238883,0.08505406922,0.04214487417,-0.01662582421,0.03773366895,-0.2593616333,-0.03416702416,-0.05092122131,0.1379536715,-0.1543603246,-0.06309038874,-0.09409898438,0.06062450826,0.006002617482,0.06768246212,-0.03290765685,0.08324311457,1,0.1153158538,0.08504332066,-0.1104812835,0.2111829012,0.1499507001,0.01649409351,0.01646647418,0.09134317101,0.06886810534,0.02093788402,0.0882574865,0.07545743253,0.1114668232,0.04742390377,0.2218485854,-0.03251149257,-0.03769326906,0.0414228176,0.03067824853,0.02494253066,0.036263148,0.0844617592,0.139193002,0.1554771064,-0.1002510068,0.08279034779,0.1593186479,0.03406705033
MIR324,0.1627671759,0.1996273316,0.02658202127,0.1020017668,0.1506471091,0.0780868895,0.06568507164,0.248723638,0.004784375876,0.06025015202,0.1055004691,0.1333261568,-0.1425990642,0.03204025144,0.09958697099,0.02155683038,0.0507537638,0.12343653,0.09209362552,0.0563205146,0.03866794137,0.06499482431,0.03252189175,-0.0529407944,0.04306968433,0.1449459019,-0.03158439963,0.03898331848,0.00981772867,0.09879922716,0.07106741218,0.1854318159,0.1868007874,0.003135440639,-0.003754354332,0.1153158538,1,-0.008800937135,0.0146253095,0.06911814086,0.03566133897,0.2002284081,0.07574823576,0.06286332771,0.1918054756,0.04793715305,0.08701734534,0.0642972834,0.09249591768,0.004420849686,0.1322838469,0.05772915289,0.07247009714,0.04790238106,0.1704202038,0.1333716398,0.03044966829,0.1941647506,0.01226668947,0.05263122423,0.05978048374,0.04653611886,0.1836923229,0.1418091551
MIR4324,-0.04052412504,0.1197561294,-0.06130745977,0.1219610452,-0.07929962797,-0.07576232036,-0.1400311639,-0.005514213871,0.2173119259,0.02763613382,-0.04681611746,-0.06368248267,-0.2361392078,-0.08654742799,0.03444540987,-0.04292867303,0.1444766998,-0.02168148853,0.03916557182,0.2649953718,0.0800644942,0.1498679951,-0.00142884002,-0.1469871852,0.1924760953,0.03352214444,0.1530135042,-0.02508108237,0.1678512187,-0.03586754768,0.1812311601,0.06727248885,0.06813637913,0.1202517082,0.3447516836,0.08504332066,-0.008800937135,1,-0.02323794549,0.05374401769,-0.03127853181,0.1271719209,-0.1351191713,0.211904637,-0.05134351469,0.1653804094,0.1931745682,-0.01930588295,0.01029848985,0.1528191778,0.1664449145,0.1659159251,0.2366347683,0.2797669431,-0.0275793836,0.07794464189,-0.01112384212,0.1107634331,-0.01100849443,0.286367669,0.1544888859,-0.03488395383,0.1284965373,-0.001819180927
SNORD50B,0.1833254527,0.116125199,0.2352803771,0.2384522177,0.03026671816,0.2325297659,0.1854515734,0.1548646956,0.01059617637,-0.07869859703,0.1441827143,0.1449516342,0.0524685185,0.1197500905,-0.07316733998,0.1850909825,-0.3129870768,0.2304021705,-0.1361294299,0.05810680228,0.07942632937,-0.04360418703,0.01507686129,0.3090670928,0.1911624301,0.1299923182,-0.03133736543,0.3035896863,0.181314582,0.06380686384,-0.06825640442,-0.04639208353,-0.04379726472,0.126430826,-0.02249229771,-0.1104812835,0.0146253095,-0.02323794549,1,-0.05191956219,-0.01557443338,0.07736944449,0.1512162891,0.0224532908,0.05002440388,0.1418192761,-0.09106533007,-0.01848561591,0.01826533704,0.1339632488,-0.05829844856,-0.05086882564,0.112940807,-0.0006600544379,0.08225449669,0.05261935281,0.01827049511,-0.03558030971,-0.01097443464,0.01211405039,0.1386979086,0.1594351222,-0.003630115134,-0.005481684507
MIR656,0.03053523804,0.03006626021,-0.01973824634,-0.1198946864,0.02056267829,-0.05936311906,0.03936270717,0.005512159701,0.05434914136,0.2604134313,0.01065591772,-0.01544624484,-0.04745285776,0.0748380804,0.2130780614,0.07035667618,0.1682255521,0.05409090051,0.1801488407,-0.001971235618,0.1279560369,0.08000240954,0.09132945236,-0.1713933144,-0.06540748604,0.06773646706,0.2578897255,-0.07826918049,-0.05055070098,-0.003012396808,0.03385568028,-0.001431320251,0.02593179521,0.1069399937,0.04796347774,0.2111829012,0.06911814086,0.05374401769,-0.05191956219,1,0.1343277319,0.06389281322,0.1147846646,0.03465510499,0.07640830973,0.005757242378,-0.006495337926,0.1437298155,0.1568737298,0.04649822001,0.1728884998,0.07037910041,0.0004312130172,0.1056566645,0.01300520904,0.1306791105,0.1003780286,0.1618754747,0.212435936,0.09542778813,-0.05243594802,0.202558406,0.09092323602,0.08238268108
MIR503,-0.04080791712,-0.08266649664,-0.06026482767,-0.2064364873,0.09545459924,-0.07786923057,0.05652976081,-0.09735838541,0.01462636867,0.0811744341,-0.04212195516,-0.05504828114,0.05781207637,0.1069655191,0.2276369312,0.05082219596,0.1331131378,0.0953913848,0.03410625829,-0.04869984509,0.06270432055,-0.05423463715,-0.01462891501,-0.1327312618,-0.08322544836,-0.05553088557,0.1442689779,-0.02476249518,-0.1341351612,-0.0532944914,-0.08551555477,-0.1080106754,0.03772286335,0.004368276921,-0.03685196592,0.1499507001,0.03566133897,-0.03127853181,-0.01557443338,0.1343277319,1,-0.06903551083,0.04111546056,-0.08435806394,0.03875212468,0.1470410533,-0.09610107963,0.08387880285,0.2059709991,0.09596701273,0.1398232584,-0.06227997086,-0.05575958508,-0.009907392754,-0.05034519091,0.05406883766,-0.01767333413,-0.0311348585,0.1317596427,-0.01302379241,-0.1577425772,0.04187155691,-0.006678088808,-0.008796832988
SNORD45A,0.1335972281,0.201748511,0.1111688164,0.2968984714,-0.03571648831,0.01848502978,0.00314520975,0.2260156241,0.1412284699,0.002418848238,0.09479416311,0.07043208831,-0.1285623679,-0.07515635896,0.04561240033,0.0296485026,-0.1583546281,0.09843174561,0.0451507518,0.208580478,0.1468975196,0.131002675,0.06533653098,0.1536441481,0.2097853221,0.1466438248,0.06155147636,0.1366566865,0.1508187146,0.1036285194,0.1414357687,0.2079174251,0.1149757625,0.1319727311,0.1240612698,0.01649409351,0.2002284081,0.1271719209,0.07736944449,0.06389281322,-0.06903551083,1,-0.02009340391,0.205478986,0.008617535784,0.1659773628,0.09990445252,0.0145186958,-0.00741438683,0.1412013087,0.05306363825,0.1274737161,0.2280690847,0.2081604351,0.04789937094,0.2691208575,0.06577209224,0.134645933,-0.05239426289,0.1034632175,0.2350631274,0.01718529731,0.2247918595,0.05685936203
MIR29B2,0.1724395162,0.02591661454,0.1245301266,0.003027449943,0.09960460029,0.1800232975,0.1921117058,0.1493140807,-0.04318312478,0.07780502758,0.2001978475,0.2446043497,0.03015472179,0.1408073318,-0.03210433966,0.1175411501,-0.05171334935,0.1315424377,0.04140324535,-0.1409473165,-0.009791742775,-0.05221213185,0.02408614781,0.0499230828,-0.03293605437,0.1457830529,0.0298006818,0.1449749336,0.03130734173,0.09593105864,-0.1062977642,-0.01524533527,-0.05505765075,0.07704616817,-0.1296254751,0.01646647418,0.07574823576,-0.1351191713,0.1512162891,0.1147846646,0.04111546056,-0.02009340391,1,-0.1272892575,0.2155411466,-0.05629610492,-0.07972595943,0.05240277427,0.09694398585,-0.02705555399,-0.04095643296,-0.05332378267,-0.04632811279,-0.09944216499,0.1933554335,-0.01757511235,0.03264311244,0.05519787341,0.1324607743,-0.09033928624,-0.05511410855,0.1866862034,-0.08979891997,0.1370162645
SNORD62A,0.07966495988,0.2286990787,0.07709157949,0.3143034033,0.05505840629,0.05270269076,-0.04238636499,0.07396680258,0.07736367339,0.05280913968,0.04046518184,0.01310771594,-0.2806970734,0.01045177192,-0.0009635862055,0.1189967675,0.005209493869,0.01926949219,0.09452635565,0.2927418376,0.1998387207,0.1983286184,0.1959132663,-0.01026740634,0.1605753688,0.06896349836,0.02801181718,-0.01418421106,0.1799749433,0.1290833879,0.2796434202,0.1890408393,0.1827649729,0.03822353464,0.2063258937,0.09134317101,0.06286332771,0.211904637,0.0224532908,0.03465510499,-0.08435806394,0.205478986,-0.1272892575,1,0.02614204332,0.08256710359,0.2244210941,0.1245834622,-0.004365417584,0.05301923444,0.1411761484,0.1757712121,0.1473989906,0.1651922701,0.07104593496,0.1975737958,0.1856042407,0.120556727,-0.05510737586,0.204687983,0.2694959308,0.01655792223,0.1829065676,0.08561338896
MIR4635,0.2106852536,0.1095709465,0.04653553727,0.06409094603,0.2757158388,0.1994846352,0.1334957465,0.1325895078,-0.01611243928,0.1158310392,0.1738398526,0.2320365672,-0.1478340805,0.1697738394,-0.03385900981,0.1517893265,0.09123279124,0.1495707688,0.1345409855,-0.02040489981,0.0580995358,0.08178262195,0.09289397207,-0.0932424641,-0.0753726321,0.134396093,-0.005760130387,0.0006327743165,0.03315199985,0.1687977854,0.03760454514,0.1225368556,0.1117369375,0.02013492707,-0.0438744568,0.06886810534,0.1918054756,-0.05134351469,0.05002440388,0.07640830973,0.03875212468,0.008617535784,0.2155411466,0.02614204332,1,-0.06923770626,0.07650623181,0.1444736581,0.1568259644,-0.1051501803,0.08157085783,0.07087457162,-0.03210542922,-0.03556892609,0.3035919033,0.05158508971,0.08967713459,0.149636001,0.09619371523,-0.02881309811,-0.004878262863,0.1287809035,-0.03776956203,0.2154212088
SNORD79,-0.02032195383,0.07190627857,0.01391444869,0.1463467161,-0.08236938885,-0.07786861958,-0.02663780807,0.05571104244,0.1377780986,-0.09493406994,-0.008296378231,-0.04037507215,0.009373372376,-0.0447366349,0.1143798844,0.04017270654,-0.1722455929,0.1608051632,-0.08891635659,0.2079762227,0.1307408553,-0.03797082658,-0.107918359,0.1709454584,0.2473000886,0.03394793129,0.1301246294,0.1649427133,0.08746523941,-0.07075496274,-0.009729679943,-0.0344039323,0.04790079526,0.1660208538,0.159471752,0.02093788402,0.04793715305,0.1653804094,0.1418192761,0.005757242378,0.1470410533,0.1659773628,-0.05629610492,0.08256710359,-0.06923770626,1,-0.03273735211,-0.05449951968,0.1289367607,0.2992181171,0.08895681163,-0.0302482149,0.2135294462,0.1742601663,-0.1015098322,0.1700181123,-0.1174234877,-0.04519562238,0.0002439188774,0.1403202221,0.09247701139,-0.03031887359,0.134876173,-0.1048125407
MIR614,0.03843457217,0.1512342254,-0.03847653443,0.2172152228,0.08422629269,0.08248366516,-0.1150242874,0.104855536,0.1583596456,0.09686403537,0.01898104293,0.05917073422,-0.3856788002,-0.04153892732,-0.03101259996,-0.007303057628,0.2274330016,-0.1157153725,0.2055387064,0.1660889544,0.09532292255,0.2493164878,0.1434693287,-0.2309021283,0.05907405491,0.05589203948,0.01500123197,-0.1155219419,0.1237250604,0.0859585299,0.2986021618,0.242467456,0.1051834853,-0.04331049639,0.1997751283,0.0882574865,0.08701734534,0.1931745682,-0.09106533007,-0.006495337926,-0.09610107963,0.09990445252,-0.07972595943,0.2244210941,0.07650623181,-0.03273735211,1,0.07044225346,-0.04651811781,-0.0862703132,0.07635242381,0.2473673077,0.04515474415,0.1722033523,0.1263043529,0.0649230467,0.1329226762,0.1912390466,-0.08812692188,0.1513643917,0.1786239859,-0.02119466937,0.1571992992,0.1587906278
MIR21,0.07224196769,0.02813915414,0.1441907575,0.0244110593,0.2103639647,0.1087537469,0.1583150453,-0.022821846,-0.04304991271,0.193807795,0.06209801493,0.03501318072,-0.1551859395,0.1786873852,0.0273871386,0.2458444212,0.1410043429,0.1033946628,0.1558727533,-0.03982862444,0.1646230238,0.1618281784,0.2857384037,-0.1421835385,-0.1026709872,0.03561267921,0.03349014771,-0.03248175465,0.05533695054,0.1604277187,0.1229171171,0.07578177323,0.1466265096,-0.001293208953,-0.02430062617,0.07545743253,0.0642972834,-0.01930588295,-0.01848561591,0.1437298155,0.08387880285,0.0145186958,0.05240277427,0.1245834622,0.1444736581,-0.05449951968,0.07044225346,1,0.2032106791,-0.09525182607,0.1577232632,0.13516674,-0.06203593887,-0.01846633764,0.06191014428,0.1692507322,0.2838397753,0.0893910989,0.129392205,0.001238686904,0.07848271884,0.1600949178,-0.008751261523,0.1269176837
SNORD54,0.01569132832,-0.005850461654,-0.0162257757,0.02510819402,0.1539804896,-0.008453512742,0.1263127534,-0.02689698394,-0.000106881376,0.1160363086,-0.005323005092,0.0007591170645,-0.02279808744,0.1522582167,0.1488750657,0.1689401168,-0.02222540406,0.2254771871,0.1136812718,0.006946952568,0.1061018298,0.008926043684,0.03296779282,0.02325184911,-0.03874062492,-0.0120707077,0.1700755864,0.009160384974,-0.04108970719,0.007160469921,-0.01416958373,-0.04689524482,0.09458107099,0.1287957757,0.007603667968,0.1114668232,0.09249591768,0.01029848985,0.01826533704,0.1568737298,0.2059709991,-0.00741438683,0.09694398585,-0.004365417584,0.1568259644,0.1289367607,-0.04651811781,0.2032106791,1,0.09592412621,0.1585391178,-0.008770628707,-0.01448830123,0.03115351254,0.001079532723,0.144869618,0.03149577986,0.01036795761,0.2555598244,0.03374388875,-0.05906086564,0.1026980432,0.02668835375,0.03203337805
MIR3074,-0.03829244332,0.06000202578,-0.005733542564,-0.01745965997,-0.1609973067,-0.1319934373,-0.02241060102,0.01284278152,0.09892482099,-0.09745742456,-0.03361564354,-0.08696527849,0.04268217209,-0.05288412259,0.1503057732,-0.01276862897,-0.04106417519,0.1475035962,-0.08765576231,0.2001451527,0.07310321316,-0.1096034516,-0.158207855,0.04023311039,0.2513270703,-0.001108726057,0.1520178664,0.1509901438,0.03168350671,-0.1229779826,-0.04971560415,-0.08461141976,0.003881810065,0.1892315627,0.1457071133,0.04742390377,0.004420849686,0.1528191778,0.1339632488,0.04649822001,0.09596701273,0.1412013087,-0.02705555399,0.05301923444,-0.1051501803,0.2992181171,-0.0862703132,-0.09525182607,0.09592412621,1,0.05601505282,-0.0875892632,0.2025580511,0.1353248091,-0.1290915459,0.1055005813,-0.1573247168,-0.07878844034,0.09704086344,0.1252723422,0.04840546685,-0.02548176705,0.1266524216,-0.1425847011
MIR410,0.01880289956,0.1270037189,-0.02668976664,-0.02160958035,0.09504909138,-0.0521455529,0.01930395979,-0.007085278281,0.001796308561,0.1201733517,0.01357571799,-0.01731748336,-0.1488955711,0.0915353363,0.1393780705,0.07578954858,0.1782221386,0.05246591831,0.03523677353,0.09829413316,0.06572199867,0.09237364802,0.1002665656,-0.1803408032,0.01244168397,0.06710020748,0.08073612182,-0.06933347289,0.04017331332,0.01262098822,0.1085364093,-0.007637944447,0.1875801165,0.01804072289,0.1619935953,0.2218485854,0.1322838469,0.1664449145,-0.05829844856,0.1728884998,0.1398232584,0.05306363825,-0.04095643296,0.1411761484,0.08157085783,0.08895681163,0.07635242381,0.1577232632,0.1585391178,0.05601505282,1,0.07997977255,0.08072609758,0.09492664838,0.02412069042,0.06399106941,0.09102865782,0.1656718746,0.08800986565,0.2254945774,0.03224247352,0.05297366403,0.08736937685,0.09828556918
MIR939,0.10712038,0.01553071081,0.05660126573,0.1607849149,0.1019260948,0.09705574244,-0.04947783588,0.06311293594,0.2214686748,0.1948807213,0.09348887107,0.06422333498,-0.2862994272,-0.008193808792,-0.02998415758,0.08152971954,0.1628115877,-0.05175870217,0.1793477061,0.08818119173,0.1504161683,0.3443223796,0.1993286736,-0.1675819504,0.004929408612,0.141421072,0.08580504768,-0.05548762509,0.1202810579,0.1700347497,0.2676131244,0.2211459235,0.1014799739,0.06135352846,0.1675158983,-0.03251149257,0.05772915289,0.1659159251,-0.05086882564,0.07037910041,-0.06227997086,0.1274737161,-0.05332378267,0.1757712121,0.07087457162,-0.0302482149,0.2473673077,0.13516674,-0.008770628707,-0.0875892632,0.07997977255,1,0.07552568845,0.2274532007,0.10012059,0.1337294326,0.1965230605,0.2453576404,-0.040047647,0.08678441145,0.2099143088,0.03617645016,0.07681766702,0.1998989717
MIR4516,0.07029221684,0.1454552069,0.0918917484,0.1570567025,-0.08264854696,-0.01183089597,-0.02864978496,0.09995237097,0.1605280416,-0.05169896991,0.05050767823,0.01756287573,-0.08781969559,-0.1046006792,-0.02016699095,-0.0290645647,-0.06275226755,0.1200366334,-0.09764172804,0.2258331887,0.03370669548,0.05910137476,-0.04031676535,0.06134325634,0.2591801868,0.1065780502,0.06372670705,0.1761802085,0.2160807069,0.06173667508,0.05310161803,0.08169647411,0.1000370448,0.1597496653,0.2358253447,-0.03769326906,0.07247009714,0.2366347683,0.112940807,0.0004312130172,-0.05575958508,0.2280690847,-0.04632811279,0.1473989906,-0.03210542922,0.2135294462,0.04515474415,-0.06203593887,-0.01448830123,0.2025580511,0.08072609758,0.07552568845,1,0.2055907867,0.009989714291,0.141474145,-0.04578743762,0.06040605491,-0.04875472826,0.2108183437,0.1843908849,-0.01586442634,0.08918842238,-0.04155971121
SNORD38B,-0.005872349952,0.07322931726,-0.04784237018,0.2145320172,-0.04412265382,-0.04038666604,-0.08652775792,0.06178662804,0.2914094027,0.08081846442,-0.03665336061,-0.03027572844,-0.1879335544,-0.05296085348,0.08808987782,-0.01064694428,-0.007745624882,0.01016287963,0.1170612168,0.2209619505,0.1503368866,0.2198342903,0.0151487388,0.002670096117,0.1444859353,0.07055280855,0.2383661906,-0.0008458777101,0.1440391225,-0.0195197547,0.1608510924,0.134617717,0.006592734252,0.2032500457,0.2793508803,0.0414228176,0.04790238106,0.2797669431,-0.0006600544379,0.1056566645,-0.009907392754,0.2081604351,-0.09944216499,0.1651922701,-0.03556892609,0.1742601663,0.1722033523,-0.01846633764,0.03115351254,0.1353248091,0.09492664838,0.2274532007,0.2055907867,1,-0.01947520358,0.1715123691,0.01403123939,0.1487421028,0.008243841322,0.192068221,0.1488543301,0.03090874362,0.1836206389,0.01365975111
MIR4492,0.2479908162,0.1549082682,0.08333517783,0.1413782814,0.2377690099,0.2456803955,0.1019179248,0.180942485,0.008419237664,0.07371863223,0.2104503769,0.2744221452,-0.1825314546,0.1274381183,-0.09899139064,0.1038848408,0.06152768621,0.07621129092,0.09449805703,0.02074389938,0.03141482241,0.1096687256,0.1070392037,-0.06550405177,-0.0244094977,0.1708530775,-0.06651713179,0.03261787164,0.09625044285,0.2075868622,0.07753242379,0.1759697866,0.09333333762,-0.01025408203,-0.01856287433,0.03067824853,0.1704202038,-0.0275793836,0.08225449669,0.01300520904,-0.05034519091,0.04789937094,0.1933554335,0.07104593496,0.3035919033,-0.1015098322,0.1263043529,0.06191014428,0.001079532723,-0.1290915459,0.02412069042,0.10012059,0.009989714291,-0.01947520358,1,0.01172200523,0.1038644277,0.1686320999,-0.01516112169,-0.01191024292,0.06412857615,0.09985778906,-0.02696794571,0.2351412106
SNORD103A,0.09905302178,0.1147370294,0.1151262726,0.2032053949,0.05439296758,0.02173466387,0.03095311621,0.09826113664,0.1347697288,0.1023500345,0.0308838716,-0.006950440666,-0.1059794943,-0.009889782428,0.08447075147,0.1443083955,-0.09001802281,0.1758592779,0.1303226194,0.158272997,0.2579205363,0.1489675249,0.1414655095,0.0874456445,0.1040256705,0.0598974802,0.1410243089,0.06799278928,0.09467647634,0.1127934105,0.1241273019,0.1639985503,0.1162381311,0.1148135682,0.07106446919,0.02494253066,0.1333716398,0.07794464189,0.05261935281,0.1306791105,0.05406883766,0.2691208575,-0.01757511235,0.1975737958,0.05158508971,0.1700181123,0.0649230467,0.1692507322,0.144869618,0.1055005813,0.06399106941,0.1337294326,0.141474145,0.1715123691,0.01172200523,1,0.1395215474,0.0766498684,0.03251498059,0.04415573388,0.1725926552,0.1005602567,0.1580885723,0.02626587237
SNORD30,0.1262245719,0.07305030792,0.2039760837,0.2197272972,0.1933613613,0.1881801196,0.1589518554,0.03820299775,-0.01796572878,0.1863195779,0.10413728,0.0955973438,-0.1891734041,0.1685209605,-0.03632222981,0.2220023415,-0.008265318917,0.01087059554,0.1397451588,-0.01289414345,0.1450245764,0.2393283372,0.3616165937,0.003501056265,-0.08254392319,0.08037737777,-0.01100018265,0.002507401793,0.1363834444,0.2320319629,0.1942162476,0.1463467506,0.1148566946,-0.02545100879,-0.01506674679,0.036263148,0.03044966829,-0.01112384212,0.01827049511,0.1003780286,-0.01767333413,0.06577209224,0.03264311244,0.1856042407,0.08967713459,-0.1174234877,0.1329226762,0.2838397753,0.03149577986,-0.1573247168,0.09102865782,0.1965230605,-0.04578743762,0.01403123939,0.1038644277,0.1395215474,1,0.1286746736,0.01541763613,0.01688647351,0.1704371444,0.1579780147,0.01676274423,0.1792095714
MIR450B,0.1793184101,0.1133744503,0.02038715455,0.1220603501,0.09960349878,0.09056694145,-0.04777472573,0.1834728015,0.1189766016,0.2366537842,0.1591197524,0.1328314924,-0.2358710529,-0.01143768299,0.04768276999,0.04467973475,0.1418631997,-0.02155224931,0.1541716213,0.05685952221,0.08605860286,0.2505545634,0.1307088913,-0.1468318685,0.006309582894,0.2345122051,0.06045176365,-0.05248617002,0.04428901466,0.1525717892,0.2203618521,0.1828582822,0.1588520603,0.02304943478,0.11453026,0.0844617592,0.1941647506,0.1107634331,-0.03558030971,0.1618754747,-0.0311348585,0.134645933,0.05519787341,0.120556727,0.149636001,-0.04519562238,0.1912390466,0.0893910989,0.01036795761,-0.07878844034,0.1656718746,0.2453576404,0.06040605491,0.1487421028,0.1686320999,0.0766498684,0.1286746736,1,-0.01090270638,0.1498489192,0.144411146,0.08010369348,0.138440637,0.2693111762
MIR4524A,-0.01859067877,-0.04881092053,-0.04136183719,-0.155252829,0.06991417073,-0.05190833482,0.1409402718,-0.08093260423,-0.02625381222,0.13897956,-0.03479747941,-0.0317835103,0.009028173632,0.1624194159,0.1872815127,0.08414649035,0.1318975274,0.1398286822,0.1359421988,-0.03085864757,0.0213889482,-0.03486665154,0.001745005101,-0.1319142853,-0.07777654626,-0.04507312823,0.2107979902,-0.02615009233,-0.09466639092,-0.03755533198,-0.05769136462,-0.07766543433,0.003739806261,0.1585079041,-0.01432733903,0.139193002,0.01226668947,-0.01100849443,-0.01097443464,0.212435936,0.1317596427,-0.05239426289,0.1324607743,-0.05510737586,0.09619371523,0.0002439188774,-0.08812692188,0.129392205,0.2555598244,0.09704086344,0.08800986565,-0.040047647,-0.04875472826,0.008243841322,-0.01516112169,0.03251498059,0.01541763613,-0.01090270638,1,0.002926872419,-0.1248436214,0.1252016799,0.009304660805,0.0003220440451
SNORD56,-0.006248859203,0.1961816796,-0.03224164674,0.2256996954,-0.04014929973,-0.03532319556,-0.08455179446,0.06480269342,0.08585840051,0.07495591392,-0.02304383591,-0.02810736373,-0.1968473623,-0.04236077904,0.08021077804,-0.01686200346,-0.005171520993,0.008578571738,0.008876930895,0.2405901812,0.03271386216,0.1005634151,0.02716525912,0.002531022841,0.1793436102,0.07554841219,0.1082716721,0.001769059622,0.1539255715,-0.00105411857,0.1712147112,0.03920138699,0.1440329655,0.07819660569,0.2858898411,0.1554771064,0.05263122423,0.286367669,0.01211405039,0.09542778813,-0.01302379241,0.1034632175,-0.09033928624,0.204687983,-0.02881309811,0.1403202221,0.1513643917,0.001238686904,0.03374388875,0.1252723422,0.2254945774,0.08678441145,0.2108183437,0.192068221,-0.01191024292,0.04415573388,0.01688647351,0.1498489192,0.002926872419,1,0.140142361,0.02378697955,0.183329553,0.02737149593
SNORD58C,0.162108228,0.1576717121,0.2059891406,0.4063368204,0.006523229146,0.1459088526,-0.003492399493,0.1787441075,0.1122825117,0.02326701959,0.1664772476,0.1073633672,-0.220038122,-0.04277363959,-0.1106736252,0.1401058622,-0.1629803365,0.04277317119,0.001811753577,0.2049596244,0.1564592565,0.2202002892,0.1773937927,0.1580081359,0.2233909519,0.1882807612,-0.05184644729,0.1544918854,0.2351401479,0.2011868242,0.2567089763,0.1916073952,0.1528587405,0.07975586431,0.1521193213,-0.1002510068,0.05978048374,0.1544888859,0.1386979086,-0.05243594802,-0.1577425772,0.2350631274,-0.05511410855,0.2694959308,-0.004878262863,0.09247701139,0.1786239859,0.07848271884,-0.05906086564,0.04840546685,0.03224247352,0.2099143088,0.1843908849,0.1488543301,0.06412857615,0.1725926552,0.1704371444,0.144411146,-0.1248436214,0.140142361,1,0.001573445132,0.1365719236,0.1301919985
MIR421,0.08793603103,0.09220659229,0.1546046364,0.00842494366,0.1105919068,0.1831552387,0.2015408409,0.08531457239,-0.006246198042,0.1654882274,0.05069280389,0.08704320568,-0.03861160375,0.2024476165,0.04860722587,0.2043043212,0.02668612986,0.1412528784,0.1053391863,-0.05097843828,0.1533399566,0.05101790532,0.1492612813,-0.03092336713,-0.02565537729,0.09064699359,0.1193091021,0.07046866223,0.1129427166,0.03379109672,-0.04492549617,0.007885809519,-0.0575499738,0.1024288178,-0.03506599322,0.08279034779,0.04653611886,-0.03488395383,0.1594351222,0.202558406,0.04187155691,0.01718529731,0.1866862034,0.01655792223,0.1287809035,-0.03031887359,-0.02119466937,0.1600949178,0.1026980432,-0.02548176705,0.05297366403,0.03617645016,-0.01586442634,0.03090874362,0.09985778906,0.1005602567,0.1579780147,0.08010369348,0.1252016799,0.02378697955,0.001573445132,1,0.02494768253,0.0210187771
SNORD36B,-0.01479208569,0.1897333321,-0.04234538148,0.2268949687,-0.03069416588,-0.04214508458,-0.06134117569,0.191775397,0.07116249334,0.06814055269,-0.02999624252,-0.02227638924,-0.1898856481,-0.04152028368,0.2017383499,-0.01022034274,-0.01184406159,-0.004547688152,0.1443239231,0.2208078885,0.138726706,0.09106367814,0.0178584643,0.007263700361,0.1617551404,0.07428644222,0.1039626501,-0.01006504363,0.02224499919,-0.02151783892,0.1775322625,0.178373961,0.1273746194,0.08630226116,0.126133346,0.1593186479,0.1836923229,0.1284965373,-0.003630115134,0.09092323602,-0.006678088808,0.2247918595,-0.08979891997,0.1829065676,-0.03776956203,0.134876173,0.1571992992,-0.008751261523,0.02668835375,0.1266524216,0.08736937685,0.07681766702,0.08918842238,0.1836206389,-0.02696794571,0.1580885723,0.01676274423,0.138440637,0.009304660805,0.183329553,0.1365719236,0.02494768253,1,0.007185321192
SNORD65,0.2621798558,0.07094211999,0.05947724249,0.2206691034,0.185640004,0.1706035025,0.02068435479,0.1480333909,0.0554265478,0.1913059457,0.2272581383,0.2151992283,-0.1976825467,0.05137129856,-0.0386636314,0.09483092791,-0.002864412854,0.005396303074,0.1329481245,-0.01584017794,0.02940183551,0.2231065237,0.1811257115,-0.001293353554,-0.06505109178,0.195230771,-0.02144014028,-0.01860563039,0.01354352423,0.2364061709,0.2164988374,0.1421963433,0.1456779456,-0.05105413156,0.00341024348,0.03406705033,0.1418091551,-0.001819180927,-0.005481684507,0.08238268108,-0.008796832988,0.05685936203,0.1370162645,0.08561338896,0.2154212088,-0.1048125407,0.1587906278,0.1269176837,0.03203337805,-0.1425847011,0.09828556918,0.1998989717,-0.04155971121,0.01365975111,0.2351412106,0.02626587237,0.1792095714,0.2693111762,0.0003220440451,0.02737149593,0.1301919985,0.0210187771,0.007185321192,1
